,Utility ID,Name,Plant Code,Nameplate Capacity (MW),Latitude,Longitude
0,60246,"Sunray Energy 2, LLC",10437,20.0,39.134259,-120.953341
1,60247,Sunray Energy 3 LLC,10438,13.8,34.01135,-118.4168
2,16625,San Diego State University,50061,0.1,37.147926,-119.2567
3,16625,San Diego State University,50061,0.3,37.62936,-120.93139
4,16625,San Diego State University,50061,0.3,37.611461,-120.594678
5,16625,San Diego State University,50061,0.1,37.621536,-120.746247
6,55961,CalRenew-1 LLC,56768,5.0,40.45193,-121.86215
7,56028,MMA Fresno Power LP,56813,0.5,39.215979,-120.80355
8,56028,MMA Fresno Power LP,56813,0.5,38.071944,-120.539444
9,56027,MMA LA Power LP,56814,0.5,36.909137,-119.087712
10,56027,MMA LA Power LP,56814,0.5,36.908907,-119.087556
11,56105,MMA WBF Power LP,56862,0.3,40.007445,-121.249438
12,56105,MMA WBF Power LP,56862,0.3,39.91062,-121.327692
13,56105,MMA WBF Power LP,56862,0.3,40.175656,-121.190663
14,56105,MMA WBF Power LP,56862,0.3,40.085476,-121.148241
15,57170,"EDF Renewable Asset Holdings, Inc.",56875,1.0,40.085997,-121.149373
16,61944,Goldman Sachs Renewable Power Group,56909,0.3,39.788877,-121.657383
17,61944,Goldman Sachs Renewable Power Group,56909,0.3,38.771764,-120.813239
18,61944,Goldman Sachs Renewable Power Group,56909,0.3,39.605043,-121.600525
19,61944,Goldman Sachs Renewable Power Group,56909,0.3,40.404645,-122.121904
20,56167,"Imperial Valley Solar, LLC",56917,101.0,40.570817,-122.02093
21,56167,"Imperial Valley Solar, LLC",56917,64.6,39.825907,-121.409687
22,56167,"Imperial Valley Solar, LLC",56917,34.3,39.869265,-121.631819
23,59399,NRG Solar Blythe,56939,21.0,39.29807,-120.8443
24,17609,Southern California Edison Co,56996,0.5,39.256873,-120.767437
25,17609,Southern California Edison Co,56996,0.5,39.257388,-120.767046
26,56294,SunE WG113 Moreno Valley LLC,57004,1.0,39.216985,-120.835587
27,56431,SunE U6 Holdings LLC,57005,1.0,38.793574,-120.619152
28,56296,SunE WG45 Woodland LLC,57006,1.0,38.330985,-120.669901
29,56297,SunE CPA CDC2 LLC,57007,1.0,36.927424,-119.02025
30,56431,SunE U6 Holdings LLC,57008,1.0,38.956985,-121.041932
31,61219,Longroad Energy Services LLC,57009,1.0,40.268712,-121.089479
32,56434,SunE M5 Holdings LLC,57010,1.0,40.929297,-121.544462
33,56302,SunE CPA CDC1 LLC,57011,1.0,40.960675,-121.548657
34,56434,SunE M5 Holdings LLC,57012,1.0,40.7415,-124.2103
35,14328,Pacific Gas & Electric Co.,57041,2.0,37.733611,-122.389722
36,17609,Southern California Edison Co,57217,0.5,40.400988,-121.965502
37,17609,Southern California Edison Co,57217,0.5,40.992295,-121.975182
38,17609,Southern California Edison Co,57219,0.5,37.092486,-119.552826
39,17609,Southern California Edison Co,57219,0.5,40.677827,-121.873253
40,17609,Southern California Edison Co,57219,0.5,36.888166,-119.158777
41,17609,Southern California Edison Co,57219,0.5,39.698755,-121.57096
42,17609,Southern California Edison Co,57219,0.5,37.52301,-120.329905
43,17609,Southern California Edison Co,57220,0.5,36.804837,-121.782241
44,17609,Southern California Edison Co,57220,0.5,38.147093,-120.446396
45,17609,Southern California Edison Co,57220,0.5,39.2364,-121.271741
46,17609,Southern California Edison Co,57220,0.5,38.032103,-120.326537
47,17609,Southern California Edison Co,57221,0.5,40.99084,-121.498243
48,17609,Southern California Edison Co,57221,0.5,40.997448,-121.748139
49,17609,Southern California Edison Co,57221,0.5,40.986361,-121.84944
50,17609,Southern California Edison Co,57221,0.5,40.986197,-121.977594
51,17609,Southern California Edison Co,57221,0.5,40.922568,-121.992906
52,17609,Southern California Edison Co,57222,0.5,40.847462,-121.990798
53,17609,Southern California Edison Co,57222,0.5,39.722892,-121.469814
54,17609,Southern California Edison Co,57222,0.5,39.361786,-123.127934
55,17609,Southern California Edison Co,57222,0.5,39.90521,-121.345226
56,17609,Southern California Edison Co,57223,0.5,37.203233,-119.497508
57,17609,Southern California Edison Co,57223,0.5,37.253718,-119.519352
58,17609,Southern California Edison Co,57224,0.5,38.497914,-120.21811
59,17609,Southern California Edison Co,57224,0.5,40.395396,-121.879186
60,17609,Southern California Edison Co,57224,0.5,39.324613,-120.644807
61,17609,Southern California Edison Co,57225,0.5,39.324592,-120.645375
62,17609,Southern California Edison Co,57225,0.5,39.337679,-120.635467
63,17609,Southern California Edison Co,57225,0.5,38.18653,-120.11168
64,17609,Southern California Edison Co,57225,0.5,38.139048,-120.370325
65,17609,Southern California Edison Co,57225,0.5,38.777,-122.745
66,17609,Southern California Edison Co,57225,0.5,38.449291,-120.492645
67,17609,Southern California Edison Co,57225,0.5,36.163076,-118.707104
68,17609,Southern California Edison Co,57226,0.5,40.459111,-121.86708
69,17609,Southern California Edison Co,57227,0.5,38.420898,-120.549572
70,17609,Southern California Edison Co,57227,0.5,38.889862,-121.098525
71,17609,Southern California Edison Co,57227,0.5,37.15105,-119.504724
72,17609,Southern California Edison Co,57227,0.5,41.978914,-122.335317
73,17609,Southern California Edison Co,57227,0.5,41.975716,-122.358127
74,17609,Southern California Edison Co,57227,0.5,41.985605,-122.360455
75,17609,Southern California Edison Co,57227,0.5,41.932981,-122.43678
76,17609,Southern California Edison Co,57229,0.5,32.697222,-117.114722
77,17609,Southern California Edison Co,57229,0.5,32.673097,-115.392026
78,17609,Southern California Edison Co,57229,0.5,33.7688,-118.1009
79,17609,Southern California Edison Co,57229,0.5,34.0969,-118.4795
80,17609,Southern California Edison Co,57229,0.5,37.2042,-119.2396
81,17609,Southern California Edison Co,57229,0.5,37.2,-119.3069
82,17609,Southern California Edison Co,57229,0.5,37.148517,-119.386623
83,17609,Southern California Edison Co,57230,0.5,37.139,-119.4898
84,17609,Southern California Edison Co,57230,0.5,37.2096,-119.3289
85,17609,Southern California Edison Co,57230,0.5,37.200062,-119.30681
86,17609,Southern California Edison Co,57231,0.5,37.273581,-118.573339
87,17609,Southern California Edison Co,57231,0.5,37.301962,-118.531957
88,17609,Southern California Edison Co,57231,0.5,37.323035,-118.501714
89,17609,Southern California Edison Co,57231,0.5,37.3344,-118.4797
90,17609,Southern California Edison Co,57231,0.5,37.3499,-118.4628
91,17609,Southern California Edison Co,57231,0.5,35.588069,-118.524804
92,17609,Southern California Edison Co,57231,0.5,34.8606,-116.8539
93,17609,Southern California Edison Co,57232,0.5,33.909804,-118.424172
94,17609,Southern California Edison Co,57232,0.5,34.09118,-117.52663
95,17609,Southern California Edison Co,57232,0.5,34.155162,-117.397119
96,17609,Southern California Edison Co,57236,0.5,33.6439,-117.9792
97,17609,Southern California Edison Co,57236,0.5,36.461326,-118.87988
98,17609,Southern California Edison Co,57236,0.5,36.465066,-118.862023
99,17609,Southern California Edison Co,57236,0.5,36.486059,-118.835645
100,17609,Southern California Edison Co,57236,0.5,35.776185,-118.436233
101,17609,Southern California Edison Co,57237,0.5,35.460303,-118.77959
102,17609,Southern California Edison Co,57237,0.5,33.7641,-118.2248
103,17609,Southern California Edison Co,57237,0.5,38.042729,-119.172015
104,17609,Southern California Edison Co,57237,0.5,37.220302,-119.337983
105,17609,Southern California Edison Co,57245,0.5,34.2067,-119.2511
106,17609,Southern California Edison Co,57245,0.5,34.1292,-119.1689
107,17609,Southern California Edison Co,57245,0.5,37.944237,-119.2161
108,17609,Southern California Edison Co,57245,0.5,37.257045,-119.158936
109,17609,Southern California Edison Co,57245,0.5,33.8504,-118.395
110,17609,Southern California Edison Co,57245,0.5,37.766954,-119.123284
111,17609,Southern California Edison Co,57245,0.5,34.0818,-117.2418
112,17609,Southern California Edison Co,57245,0.5,33.368794,-117.554916
113,17609,Southern California Edison Co,57245,0.5,34.14522,-117.058481
114,17609,Southern California Edison Co,57245,0.5,34.107245,-117.099091
115,17609,Southern California Edison Co,57245,0.5,36.13568,-118.788868
116,17609,Southern California Edison Co,57245,0.5,34.178056,-118.315556
117,17609,Southern California Edison Co,57246,0.5,38.2569,-120.8507
118,17609,Southern California Edison Co,57246,0.5,34.1556,-118.2782
119,17609,Southern California Edison Co,57246,0.5,37.896649,-119.9675
120,17609,Southern California Edison Co,57246,0.5,37.809388,-120.299254
121,17609,Southern California Edison Co,57247,0.5,37.877667,-119.953233
122,17609,Southern California Edison Co,57247,0.5,32.968889,-115.534444
123,17609,Southern California Edison Co,57247,0.5,32.705435,-115.030975
124,17609,Southern California Edison Co,57247,0.5,32.705428,-115.126103
125,17609,Southern California Edison Co,57247,0.5,32.705341,-115.219067
126,17609,Southern California Edison Co,57247,0.5,32.736642,-114.713858
127,17609,Southern California Edison Co,57247,0.5,32.802222,-115.54
128,56618,Victor Valley Community College District,57254,1.0,37.142795,-118.324075
129,59397,NRG Solar Alpine,57295,66.0,34.587237,-118.656638
130,11208,Los Angeles Department of Water & Power,57305,10.0,37.437921,-118.556988
131,11208,Los Angeles Department of Water & Power,57306,8.5,36.443421,-118.04389
132,11208,Los Angeles Department of Water & Power,57308,2.2,34.318248,-118.494449
133,64344,City of Los Angeles Harbor Department,57309,1.1,34.103931,-118.413377
134,57320,Konoike Pacific,57310,1.3,36.109722,-117.956667
135,59551,Occidental College,57311,1.0,33.7706,-118.2656
136,57275,Metropolitan Transportation Authority,57313,1.2,33.764741,-118.09913
137,57276,Los Angeles Community College District,57314,1.2,37.51,-118.569167
138,56769,Consolidated Edison Development Inc.,57340,140.0,37.41416,-118.523889
139,56700,Avenal Solar Holdings LLC,57359,6.0,34.312778,-118.492778
140,56700,Avenal Solar Holdings LLC,57360,20.0,33.918151,-118.427648
141,56700,Avenal Solar Holdings LLC,57361,19.0,37.546036,-118.590001
142,56722,AV Solar Ranch 1 LLC,57378,253.0,34.244991,-118.391327
143,56751,Yolo County of,57422,1.0,37.584345,-120.26859
144,56762,"NRG Renew Operation & Maintenance, LLC",57439,32.3,37.522065,-120.31009
145,56762,"NRG Renew Operation & Maintenance, LLC",57439,21.0,39.177903,-120.890856
146,56762,"NRG Renew Operation & Maintenance, LLC",57439,86.5,39.2184,-120.8352
147,56762,"NRG Renew Operation & Maintenance, LLC",57439,70.0,38.202569,-120.076983
148,56762,"NRG Renew Operation & Maintenance, LLC",57439,40.0,38.246656,-120.034072
149,17609,Southern California Edison Co,57441,0.5,37.876111,-120.605
150,17609,Southern California Edison Co,57441,0.5,39.551012,-121.278784
151,17609,Southern California Edison Co,57441,0.5,39.531784,-121.491247
152,17609,Southern California Edison Co,57441,0.5,39.553811,-121.204077
153,17609,Southern California Edison Co,57441,0.5,34.1254,-118.148
154,17609,Southern California Edison Co,57441,0.5,34.126,-118.1494
155,17609,Southern California Edison Co,57441,0.5,39.077971,-120.406069
156,17609,Southern California Edison Co,57441,0.5,39.024801,-120.596383
157,17609,Southern California Edison Co,57441,0.5,39.003372,-120.746651
158,17609,Southern California Edison Co,57441,0.5,39.000999,-120.725053
159,57271,NRG Solar Borrego I,57455,26.0,37.477838,-120.444492
160,56819,CSOLAR IV South LLC,57490,128.9,38.82881,-120.537089
161,57260,CSOLAR IV West LLC,57491,148.7,38.83405,-120.53176
162,14328,Pacific Gas & Electric Co.,57497,20.0,38.982697,-120.324503
163,14328,Pacific Gas & Electric Co.,57498,15.0,38.896511,-120.378292
164,14328,Pacific Gas & Electric Co.,57499,15.0,38.765336,-120.787366
165,61219,Longroad Energy Services LLC,57506,1.0,34.2056,-117.3344
166,14328,Pacific Gas & Electric Co.,57521,10.0,39.542985,-121.492188
167,14328,Pacific Gas & Electric Co.,57522,20.0,39.514893,-121.630077
168,14328,Pacific Gas & Electric Co.,57523,20.0,37.695994,-120.420152
169,17609,Southern California Edison Co,57534,0.5,37.6697,-120.4436
170,17609,Southern California Edison Co,57534,0.5,38.70675,-121.158443
171,17609,Southern California Edison Co,57534,0.5,40.646934,-122.626973
172,17609,Southern California Edison Co,57535,0.5,40.611858,-122.446441
173,17609,Southern California Edison Co,57535,0.5,38.63735,-121.220198
174,56902,"RE SFCity1, LP",57559,4.5,40.717455,-122.422274
175,17573,South San Joaquin Irr District,57579,0.9,37.098671,-121.047718
176,17573,South San Joaquin Irr District,57579,0.4,34.295334,-114.140222
177,56917,Broadridge Customer Communications,57580,0.3,37.0692,-121.0772
178,56917,Broadridge Customer Communications,57580,0.5,40.628115,-122.467509
179,56980,"Regulus Solar, LLC",57650,60.0,40.797296,-122.762553
180,17650,Southern Power Co,57651,20.0,39.330833,-121.191666
181,56982,Kern Community College District,57655,1.1,39.238996,-121.270409
182,56984,"Temescal Canyon RV, LLC",57656,1.5,33.166246,-117.016566
183,56995,"Sacramento PV Energy, LLC",57669,17.0,33.8343,-117.4971
184,56995,"Sacramento PV Energy, LLC",57670,2.9,33.85895,-117.6106
185,56995,"Sacramento PV Energy, LLC",57671,2.9,33.8361,-117.1831
186,57006,"SunE GIL1, LLC",57682,1.2,34.004722,-118.09917
187,57007,"SunE WF3-ST Holdings, LLC",57683,1.1,33.92493,-117.95517
188,59874,Topaz Solar Farms LLC,57695,129.8,33.3944,-117.1889
189,59874,Topaz Solar Farms LLC,57695,151.2,33.9001,-117.82905
190,59874,Topaz Solar Farms LLC,57695,102.1,37.6508,-120.4706
191,59874,Topaz Solar Farms LLC,57695,90.3,38.7903,-122.7559
192,59874,Topaz Solar Farms LLC,57695,112.5,38.340015,-121.113861
193,60281,"Altus Power America Management, LLC",57697,3.0,39.048802,-121.316966
194,60281,"Altus Power America Management, LLC",57698,2.7,38.850283,-120.381883
195,57170,"EDF Renewable Asset Holdings, Inc.",57708,110.0,38.652731,-121.393336
196,60025,Greenbacker Renewable Energy Corporation,57722,4.0,38.2268,-121.0245
197,60025,Greenbacker Renewable Energy Corporation,57743,2.5,32.711611,-114.942666
198,56995,"Sacramento PV Energy, LLC",57753,1.0,32.699451,-115.28245
199,61944,Goldman Sachs Renewable Power Group,57764,11.1,40.07531,-121.16143
200,58315,SSA Solar of CA 2 LLC,57773,1.2,38.835182,-121.092982
201,62948,Gamma Genco CV LLC,57777,3.0,37.071846,-119.558008
202,62948,Gamma Genco CV LLC,57778,5.0,39.893491,-121.59338
203,62948,Gamma Genco CV LLC,57779,3.0,34.10345,-117.5257
204,62948,Gamma Genco CV LLC,57780,5.0,37.816447,-120.312033
205,62948,Gamma Genco CV LLC,57781,3.0,39.580413,-121.119479
206,62948,Gamma Genco CV LLC,57782,5.0,39.272108,-120.932508
207,62948,Gamma Genco CV LLC,57783,5.0,39.0096,-121.0591
208,62948,Gamma Genco CV LLC,57784,5.0,38.8348,-122.7677
209,62948,Gamma Genco CV LLC,57785,5.0,34.8158,-118.6867
210,57104,Golden Springs Development Company LLC,57796,1.2,37.4903,-120.9044
211,57104,Golden Springs Development Company LLC,57797,1.3,34.1764,-118.3147
212,62948,Gamma Genco CV LLC,57806,0.4,33.6758,-116.1714
213,62948,Gamma Genco CV LLC,57816,5.0,35.211536,-120.855542
214,62948,Gamma Genco CV LLC,57817,5.0,37.029304,-118.968252
215,62948,Gamma Genco CV LLC,57818,5.0,37.946927,-120.528211
216,62948,Gamma Genco CV LLC,57819,5.0,34.6853,-118.7881
217,62948,Gamma Genco CV LLC,57820,5.0,37.79675,-122.28185
218,62948,Gamma Genco CV LLC,57821,5.0,40.741389,-124.210278
219,58661,"Sustainable Power Group, LLC",57827,1.0,34.1548,-117.9093
220,57154,Heliocentric LLC,57831,1.5,34.590183,-118.454676
221,57159,L-8 Solar Project LLC,57836,1.5,34.534337,-118.525113
222,59139,SunEdison LLC,57840,1.1,39.394267,-120.021732
223,59139,SunEdison LLC,57841,1.1,39.245833,-120.027222
224,57177,SEAI Elk Grove LLC,57849,3.0,39.816944,-120.463333
225,57177,SEAI Elk Grove LLC,57850,1.0,38.86429,-120.444335
226,56918,University of California San Diego,57856,1.2,34.20795,-118.3516
227,57194,City of Industry,57860,1.5,33.8553,-117.4537
228,57213,Castle Rock Cooling,57870,1.0,34.5148,-118.6092
229,11208,Los Angeles Department of Water & Power,57871,1.0,34.1275,-117.7958
230,14328,Pacific Gas & Electric Co.,57891,20.0,33.9117,-117.8192
231,14328,Pacific Gas & Electric Co.,57892,20.0,33.333056,-118.310278
232,57262,Kern County Water Agency,57895,1.1,39.470447,-120.10455
233,17609,Southern California Edison Co,57900,0.5,34.307444,-117.323548
234,17609,Southern California Edison Co,57900,0.5,39.528749,-121.546359
235,17609,Southern California Edison Co,57900,0.5,34.088019,-117.039539
236,17609,Southern California Edison Co,57900,0.5,34.030376,-116.857142
237,17609,Southern California Edison Co,57900,0.5,39.586864,-122.533248
238,17609,Southern California Edison Co,57900,0.5,40.597617,-122.538683
239,17609,Southern California Edison Co,57900,0.5,39.814905,-122.332335
240,17609,Southern California Edison Co,57900,0.5,37.401,-121.96867
241,17609,Southern California Edison Co,57900,0.5,37.364297,-121.944238
242,17609,Southern California Edison Co,57900,0.5,37.652602,-121.020397
243,57273,SS San Antonio West LLC,57904,1.5,40.507292,-122.423281
244,58101,Solar Star California II LLC,57933,2.0,37.5744,-120.985
245,49893,Invenergy Services LLC,57959,6.3,39.889287,-121.279173
246,57345,Butte-Glenn Community College District,57970,3.5,38.752,-122.7195
247,62060,CleanCapital,57982,0.5,38.7492,-122.7117
248,62060,CleanCapital,57982,0.6,33.9986,-118.2219
249,58289,"NextEra Energy Desert Sunlight 300, LLC",57993,40.3,38.088138,-121.386944
250,58289,"NextEra Energy Desert Sunlight 300, LLC",57993,30.2,37.7886,-122.2889
251,58289,"NextEra Energy Desert Sunlight 300, LLC",57993,20.2,38.146571,-121.300541
252,58289,"NextEra Energy Desert Sunlight 300, LLC",57993,40.3,38.810677,-121.323807
253,58289,"NextEra Energy Desert Sunlight 300, LLC",57993,40.3,39.197222,-123.185556
254,58289,"NextEra Energy Desert Sunlight 300, LLC",57993,30.2,39.53,-121.095833
255,58289,"NextEra Energy Desert Sunlight 300, LLC",57993,25.2,38.116415,-121.769031
256,58289,"NextEra Energy Desert Sunlight 300, LLC",57993,25.2,38.445681,-121.462387
257,58289,"NextEra Energy Desert Sunlight 300, LLC",57993,20.2,38.530943,-121.400128
258,58289,"NextEra Energy Desert Sunlight 300, LLC",57993,18.9,38.511,-121.4735
259,58289,"NextEra Energy Desert Sunlight 300, LLC",57993,22.7,38.513056,-122.104444
260,56769,Consolidated Edison Development Inc.,58002,20.0,33.853542,-117.856286
261,56769,Consolidated Edison Development Inc.,58003,50.0,32.9553,-115.5364
262,57389,IKEA Property Inc,58028,1.5,36.8326,-119.327
263,60281,"Altus Power America Management, LLC",58034,1.5,35.44072,-118.796498
264,60898,Axium US Solar Holdings LLC,58039,25.0,33.6808,-117.0698
265,63952,"Irwindale Brew Yard, LLC",58056,2.5,34.1772,-118.3147
266,9216,Imperial Irrigation District,58062,23.0,34.431419,-119.900055
267,62060,CleanCapital,58073,2.0,37.0478,-121.1708
268,62060,CleanCapital,58074,2.0,33.1165,-117.3215
269,59622,"Ahana Renewables, LLC",58076,1.0,37.0001,-121.5367
270,59622,"Ahana Renewables, LLC",58076,1.0,36.3275,-119.2947
271,59622,"Ahana Renewables, LLC",58076,1.0,33.943965,-118.40425
272,60947,Tesla Inc.,58086,0.5,40.7995,-124.2028
273,60947,Tesla Inc.,58086,0.5,33.9949,-118.1538
274,62060,CleanCapital,58118,1.5,33.7683,-118.2836
275,62034,Depot Park Solar Farm,58119,3.0,35.395063,-119.321633
276,58111,RE Kansas South LLC,58148,20.0,32.77973,-117.006397
277,58112,TA-High Desert LLC,58149,20.0,40.37,-123.4347
278,58104,California State University at Fullerton,58169,0.3,35.6439,-118.4822
279,58104,California State University at Fullerton,58169,0.3,38.9032,-121.3097
280,58104,California State University at Fullerton,58169,2.0,36.617022,-120.099846
281,58104,California State University at Fullerton,58169,0.3,33.934725,-116.640548
282,58104,California State University at Fullerton,58169,0.4,33.8759,-118.2491
283,58104,California State University at Fullerton,58169,1.0,32.7992,-117.1517
284,58140,San Bernardino Comm College Dist,58170,1.3,35.060556,-118.389722
285,62949,Gamma Genco CV II LLC,58202,20.0,38.7881,-122.7219
286,56751,Yolo County of,58204,2.5,34.050391,-117.248417
287,14328,Pacific Gas & Electric Co.,58206,10.0,33.9058,-118.4031
288,56751,Yolo County of,58217,2.5,36.058635,-118.924097
289,58197,Newberry Solar 1 LLC,58226,1.5,39.565677,-120.581684
290,58198,"Highlander Solar 2, LLC",58227,9.0,34.138467,-118.1256
291,58661,"Sustainable Power Group, LLC",58232,1.0,40.646733,-123.498008
292,58211,"Highlander Solar 1, LLC",58234,12.0,41.1325,-121.137222
293,58661,"Sustainable Power Group, LLC",58244,1.0,36.225,-121.1278
294,57276,Los Angeles Community College District,58248,1.9,33.586,-116.0873
295,59553,VA Sepulveda Ambulatory Care Center,58249,3.5,38.0244,-122.0589
296,63330,"Televison City Studios, LLC.",58253,1.6,39.1365,-121.6397
297,58238,Enfinity NorCal 1 FAA LLC,58261,1.0,39.052922,-121.696072
298,59455,"Venable Solar, LLC",58289,1.5,32.857709,-117.028847
299,59455,"Venable Solar, LLC",58290,1.5,37.4567,-121.9419
300,58269,Tulare PV II LLC,58304,1.5,38.1419,-122.2439
301,58269,Tulare PV II LLC,58304,1.5,36.5397,-119.5794
302,58269,Tulare PV II LLC,58304,0.7,34.045361,-117.540193
303,58268,Tulare PV I LLC,58306,1.0,34.863356,-116.827627
304,58268,Tulare PV I LLC,58306,1.0,34.863356,-116.827627
305,58268,Tulare PV I LLC,58306,1.5,35.00694,-117.555768
306,58268,Tulare PV I LLC,58307,1.5,35.012166,-117.555672
307,58268,Tulare PV I LLC,58307,0.5,35.01948,-117.55553
308,58268,Tulare PV I LLC,58307,1.5,35.020981,-117.566079
309,58268,Tulare PV I LLC,58308,1.5,35.014836,-117.565903
310,58268,Tulare PV I LLC,58308,1.5,35.0308,-117.3563
311,58268,Tulare PV I LLC,58308,1.0,35.033,-117.338
312,58268,Tulare PV I LLC,58309,1.0,40.976389,-121.255833
313,58268,Tulare PV I LLC,58309,1.0,38.762968,-122.692915
314,58268,Tulare PV I LLC,58309,1.5,34.0408,-117.8217
315,60025,Greenbacker Renewable Energy Corporation,58354,1.5,34.0233,-118.0241
316,60025,Greenbacker Renewable Energy Corporation,58355,1.5,33.792778,-118.35
317,58355,SPS Atwell Island LLC,58366,20.2,34.463896,-118.593991
318,58358,Light Beam Power Co LLC,58370,1.0,37.6455,-118.9096
319,58358,Light Beam Power Co LLC,58371,2.5,37.6451,-118.9143
320,56769,Consolidated Edison Development Inc.,58373,20.0,37.6464,-118.9092
321,56769,Consolidated Edison Development Inc.,58374,20.0,35.4515,-118.9849
322,58363,Oakley Solar Project LLC,58376,1.5,35.19456,-119.57097
323,59873,"Solar Star California XIX, LLC",58388,39.0,37.336113,-121.878332
324,59873,"Solar Star California XIX, LLC",58388,54.0,35.075,-118.3158
325,59873,"Solar Star California XIX, LLC",58388,54.0,35.0697,-118.3167
326,59873,"Solar Star California XIX, LLC",58388,58.5,33.77697,-118.22821
327,59873,"Solar Star California XIX, LLC",58388,33.0,34.0564,-118.2436
328,59873,"Solar Star California XIX, LLC",58388,15.0,33.1779,-115.565
329,59873,"Solar Star California XIX, LLC",58388,64.5,33.1646,-115.616
330,59872,"Solar Star California XX, LLC",58389,19.5,33.1777,-115.6033
331,59872,"Solar Star California XX, LLC",58389,60.0,33.8827,-117.5565
332,59872,"Solar Star California XX, LLC",58389,55.5,35.419181,-118.926643
333,59872,"Solar Star California XX, LLC",58389,48.0,35.483736,-119.029856
334,59872,"Solar Star California XX, LLC",58389,43.5,40.879719,-121.720342
335,59872,"Solar Star California XX, LLC",58389,52.5,40.303422,-121.244431
336,60898,Axium US Solar Holdings LLC,58398,10.9,34.3801,-118.4999
337,58413,Lone Valley Solar Park I LLC,58417,10.0,35.765,-117.3833
338,58661,"Sustainable Power Group, LLC",58418,5.0,35.7075,-117.3956
339,58661,"Sustainable Power Group, LLC",58419,5.0,40.8579,-121.7225
340,58416,"California State University, Northridge",58422,0.4,40.8713,-121.9487
341,58416,"California State University, Northridge",58422,0.2,40.7576,-121.4145
342,61230,"CD Arevon USA, Inc.",58430,34.2,40.4579,-121.8427
343,61230,"CD Arevon USA, Inc.",58430,26.6,33.92194,-116.56222
344,61230,"CD Arevon USA, Inc.",58430,34.2,32.819675,-117.140548
345,61230,"CD Arevon USA, Inc.",58430,34.2,34.94434,-120.45791
346,61230,"CD Arevon USA, Inc.",58430,19.0,36.7131,-121.7686
347,61230,"CD Arevon USA, Inc.",58430,26.6,33.158153,-115.638656
348,58440,CD US Solar MT 2 LLC,58445,1.0,32.7757,-115.2637
349,58440,CD US Solar MT 2 LLC,58445,1.0,40.8786,-123.9942
350,58440,CD US Solar MT 2 LLC,58446,1.5,36.688915,-119.723218
351,58440,CD US Solar MT 2 LLC,58447,1.5,38.8319,-121.313652
352,58440,CD US Solar MT 2 LLC,58447,1.5,34.1958,-119.1664
353,58440,CD US Solar MT 2 LLC,58447,1.0,40.368338,-120.264848
354,58440,CD US Solar MT 2 LLC,58448,1.0,37.7581,-121.5253
355,58440,CD US Solar MT 2 LLC,58449,1.5,38.6905,-121.7371
356,58440,CD US Solar MT 2 LLC,58449,1.5,36.755896,-120.365422
357,58440,CD US Solar MT 2 LLC,58449,1.0,35.7144,-119.2337
358,58440,CD US Solar MT 2 LLC,58450,1.5,36.0372,-117.7981
359,58440,CD US Solar MT 2 LLC,58451,1.5,36.0192,-117.7917
360,58440,CD US Solar MT 2 LLC,58452,1.5,36.0019,-117.7886
361,58440,CD US Solar MT 2 LLC,58454,1.5,33.158,-115.6475
362,58440,CD US Solar MT 2 LLC,58454,0.5,33.1589,-115.6455
363,58451,"McCoy Solar, LLC",58462,41.9,40.8014,-121.4481
364,58451,"McCoy Solar, LLC",58462,21.0,40.882061,-121.948353
365,58451,"McCoy Solar, LLC",58462,39.6,40.874144,-121.920428
366,58451,"McCoy Solar, LLC",58462,31.4,34.326242,-118.44477
367,58451,"McCoy Solar, LLC",58462,31.4,37.7392,-121.4322
368,58451,"McCoy Solar, LLC",58462,26.9,35.0968,-119.4299
369,58451,"McCoy Solar, LLC",58462,41.9,35.43,-118.8222
370,58451,"McCoy Solar, LLC",58462,36.5,40.4728,-124.1014
371,17650,Southern Power Co,58467,147.4,32.778225,-117.070114
372,62949,Gamma Genco CV II LLC,58498,20.0,36.9997,-122.0622
373,62949,Gamma Genco CV II LLC,58499,20.0,38.7879,-122.7434
374,62949,Gamma Genco CV II LLC,58500,5.0,34.461667,-118.7511
375,62949,Gamma Genco CV II LLC,58502,10.0,37.77656,-122.451878
376,60281,"Altus Power America Management, LLC",58506,4.0,40.8767,-121.7016
377,58135,Ecos Energy LLC,58508,1.5,39.6699,-120.2394
378,58135,Ecos Energy LLC,58509,1.5,39.941165,-120.909211
379,58135,Ecos Energy LLC,58510,1.0,35.0329,-117.701
380,60281,"Altus Power America Management, LLC",58513,4.0,38.0417,-122.2583
381,57365,Consolidated Edison Solutions Inc,58514,2.3,38.923556,-122.56668
382,59622,"Ahana Renewables, LLC",58522,1.0,39.0788,-122.535556
383,58500,City of Hayward,58525,1.6,36.1807,-120.3885
384,58501,Five Crowns Inc,58527,1.0,35.452577,-118.985313
385,58503,Garnet Solar Generation Station I LLC,58528,4.0,33.051,-117.175
386,58290,"NextEra Energy Desert Sunlight 250, LLC",58542,39.1,33.78856,-118.229392
387,58290,"NextEra Energy Desert Sunlight 250, LLC",58542,39.1,40.534454,-121.959109
388,58290,"NextEra Energy Desert Sunlight 250, LLC",58542,26.5,35.093046,-119.443617
389,58290,"NextEra Energy Desert Sunlight 250, LLC",58542,13.9,41.2792,-122.3292
390,58290,"NextEra Energy Desert Sunlight 250, LLC",58542,22.7,40.63722,-121.92805
391,58290,"NextEra Energy Desert Sunlight 250, LLC",58542,29.0,33.688721,-117.834793
392,58290,"NextEra Energy Desert Sunlight 250, LLC",58542,29.0,33.1633,-115.6167
393,58290,"NextEra Energy Desert Sunlight 250, LLC",58542,25.2,33.816647,-118.244841
394,58290,"NextEra Energy Desert Sunlight 250, LLC",58542,25.2,37.860653,-120.879153
395,58518,NRG Solar Community 1 LLC,58545,5.7,37.830378,-120.806972
396,60025,Greenbacker Renewable Energy Corporation,58578,1.5,41.028893,-121.892351
397,58540,California PV Energy LLC,58581,1.0,34.140501,-119.184529
398,58540,California PV Energy LLC,58582,1.5,34.124171,-117.805091
399,58544,Sierra Nevada Brewing Co,58585,1.7,34.1019,-117.6381
400,58546,Cascade Solar LLC,58590,18.5,34.464819,-120.044365
401,17650,Southern Power Co,58592,54.4,33.9131,-116.5631
402,17650,Southern Power Co,58592,54.4,33.926111,-116.615
403,17650,Southern Power Co,58592,54.4,39.1062,-122.1096
404,58661,"Sustainable Power Group, LLC",58609,1.5,40.4352,-122.2704
405,58661,"Sustainable Power Group, LLC",58610,1.5,37.732533,-121.116006
406,58661,"Sustainable Power Group, LLC",58611,1.5,34.059444,-117.774167
407,58661,"Sustainable Power Group, LLC",58612,1.5,37.056803,-119.899706
408,58568,"Westlands Solar Farms, LLC",58616,18.0,39.869284,-121.631865
409,58575,"Sol Orchard Imperial 1, LLC",58621,20.0,35.798576,-120.883331
410,58549,County of Alameda GSA,58625,1.0,32.903826,-115.511949
411,58549,County of Alameda GSA,58625,0.5,34.2619,-118.6242
412,58661,"Sustainable Power Group, LLC",58626,20.0,35.0522,-118.3581
413,58661,"Sustainable Power Group, LLC",58627,10.0,38.018056,-122.2344
414,60947,Tesla Inc.,58633,1.0,36.997694,-119.703451
415,60947,Tesla Inc.,58634,1.0,38.1861,-120.15
416,60947,Tesla Inc.,58636,1.0,34.196,-119.1667
417,61230,"CD Arevon USA, Inc.",58642,1.5,33.915023,-116.555064
418,61230,"CD Arevon USA, Inc.",58642,1.5,32.679172,-117.246698
419,17650,Southern Power Co,58646,75.9,35.5005,-119.046
420,17650,Southern Power Co,58646,34.1,35.51647,-119.040128
421,17650,Southern Power Co,58646,37.9,35.509041,-119.030546
422,17650,Southern Power Co,58646,37.9,33.791667,-118.234722
423,17650,Southern Power Co,58646,37.9,35.0686,-118.3833
424,17650,Southern Power Co,58646,37.9,33.9369,-116.6183
425,17650,Southern Power Co,58646,37.9,37.7361,-121.6475
426,58622,Costco Wholesale,58698,1.0,33.9461,-116.6769
427,58622,Costco Wholesale,58698,1.5,35.2608,-118.2469
428,58622,Costco Wholesale,58698,0.5,37.455314,-122.172797
429,17650,Southern Power Co,58711,12.0,33.8153,-118.2358
430,17650,Southern Power Co,58711,20.0,33.7771,-118.2303
431,17650,Southern Power Co,58713,61.6,39.448352,-120.653417
432,58654,Orion Solar I LLC,58718,12.0,33.914986,-116.71026
433,58655,"Orion Solar II, LLC",58721,8.0,33.881667,-116.460278
434,58661,"Sustainable Power Group, LLC",58748,1.0,37.874056,-120.477556
435,58661,"Sustainable Power Group, LLC",58750,5.0,37.749308,-121.649866
436,58661,"Sustainable Power Group, LLC",58751,1.5,34.030318,-118.47844
437,58661,"Sustainable Power Group, LLC",58752,1.5,35.319503,-119.661992
438,58661,"Sustainable Power Group, LLC",58753,1.5,35.089829,-119.440881
439,58661,"Sustainable Power Group, LLC",58754,1.5,34.475067,-120.205107
440,58661,"Sustainable Power Group, LLC",58755,1.5,33.85336,-118.33
441,58661,"Sustainable Power Group, LLC",58756,1.0,37.3853,-121.141
442,58661,"Sustainable Power Group, LLC",58757,1.5,33.8247,-116.5106
443,58661,"Sustainable Power Group, LLC",58757,2.0,33.934,-116.5781
444,58661,"Sustainable Power Group, LLC",58757,1.5,33.6942,-117.9381
445,58661,"Sustainable Power Group, LLC",58757,1.5,37.4058,-121.9272
446,58661,"Sustainable Power Group, LLC",58761,2.0,36.170317,-120.364084
447,58661,"Sustainable Power Group, LLC",58762,2.0,35.4206,-118.9644
448,58661,"Sustainable Power Group, LLC",58763,1.5,35.438611,-119.7075
449,58696,Ignite Solar Holdings LLC,58814,1.5,35.043889,-118.276388
450,58696,Ignite Solar Holdings LLC,58814,1.5,38.149582,-120.814942
451,58661,"Sustainable Power Group, LLC",58831,16.6,32.7842,-115.2475
452,58759,Perpetual Energy Systems,58889,1.0,32.8041,-115.2475
453,58759,Perpetual Energy Systems,58890,1.2,32.8156,-115.2568
454,61944,Goldman Sachs Renewable Power Group,58906,2.5,37.7392,-121.4322
455,61944,Goldman Sachs Renewable Power Group,58907,5.0,37.739167,-121.432222
456,61944,Goldman Sachs Renewable Power Group,58909,2.0,33.890913,-116.541515
457,61944,Goldman Sachs Renewable Power Group,58911,5.0,35.045,-118.2642
458,57104,Golden Springs Development Company LLC,58912,1.8,37.771944,-121.74
459,57104,Golden Springs Development Company LLC,58913,1.5,37.9676,-122.382
460,61315,Solarenewal LLC,58918,1.2,33.759236,-118.239922
461,61315,Solarenewal LLC,58919,1.3,37.870331,-122.26337
462,61315,Solarenewal LLC,58920,1.5,33.989626,-117.680911
463,60281,"Altus Power America Management, LLC",58949,1.5,34.161951,-119.047916
464,60947,Tesla Inc.,58954,1.0,35.9359,-120.8408
465,60947,Tesla Inc.,58963,1.0,35.9515,-120.8679
466,56769,Consolidated Edison Development Inc.,58973,19.8,40.428329,-122.279248
467,17650,Southern Power Co,58975,102.0,38.78342,-120.778506
468,58468,Dominion Renewable Energy,58983,45.0,38.367222,-120.804444
469,58468,Dominion Renewable Energy,58984,19.0,40.976859,-122.456251
470,58468,Dominion Renewable Energy,58985,20.0,32.7261,-117.1464
471,58468,Dominion Renewable Energy,58986,20.0,40.300833,-120.105
472,58468,Dominion Renewable Energy,58990,15.0,38.2494,-122.0394
473,58468,Dominion Renewable Energy,58991,20.0,38.0314,-122.1139
474,58661,"Sustainable Power Group, LLC",59008,15.0,33.8431,-118.2347
475,58661,"Sustainable Power Group, LLC",59009,27.0,34.0692,-118.4439
476,57130,Janssen Pharmaceutical Co,59058,1.0,35.3161,-119.6597
477,58468,Dominion Renewable Energy,59086,12.0,35.666111,-119.766944
478,58468,Dominion Renewable Energy,59087,12.0,35.2761,-119.5986
479,17650,Southern Power Co,59088,20.0,35.3639,-119.6592
480,60947,Tesla Inc.,59094,1.5,35.346102,-119.643431
481,60947,Tesla Inc.,59095,1.0,36.2097,-120.3828
482,60947,Tesla Inc.,59096,1.0,35.1133,-119.4706
483,60947,Tesla Inc.,59098,1.0,36.1556,-120.3972
484,60947,Tesla Inc.,59099,1.0,35.440481,-119.007726
485,58944,"Enerparc CA 1, LLC",59122,1.5,35.459849,-119.013573
486,59622,"Ahana Renewables, LLC",59129,1.1,35.464253,-118.996337
487,59622,"Ahana Renewables, LLC",59130,1.3,34.38407,-118.494882
488,59622,"Ahana Renewables, LLC",59132,1.1,33.6433,-117.9556
489,59622,"Ahana Renewables, LLC",59133,1.1,35.3633,-119.6756
490,59622,"Ahana Renewables, LLC",59138,1.1,37.932222,-122.389722
491,59622,"Ahana Renewables, LLC",59139,1.1,35.4406,-118.9617
492,61944,Goldman Sachs Renewable Power Group,59150,100.0,37.9418,-122.3909
493,58976,"PsomasFMG Lancaster Solar Crest, LLC",59167,1.5,35.0506,-118.2572
494,58976,"PsomasFMG Lancaster Solar Crest, LLC",59169,1.5,32.6947,-117.1436
495,59139,SunEdison LLC,59182,1.5,38.8339,-122.881
496,58468,Dominion Renewable Energy,59183,20.0,35.076,-118.3664
497,61230,"CD Arevon USA, Inc.",59203,1.5,35.0853,-118.3547
498,61230,"CD Arevon USA, Inc.",59203,1.5,35.1011,-118.3372
499,61230,"CD Arevon USA, Inc.",59203,1.5,35.1011,-118.3372
500,61230,"CD Arevon USA, Inc.",59219,1.5,35.0908,-118.3936
501,61230,"CD Arevon USA, Inc.",59219,1.5,35.2269,-119.6294
502,59041,Lone Valley Solar Park II LLC,59237,20.0,39.13667,-121.639846
503,60605,"Rio Bravo Solar I, LLC",59249,20.0,34.033206,-117.906129
504,60606,"Rio Bravo Solar II, LLC",59250,20.0,34.204311,-117.855714
505,60607,"Wildwood Solar II, LLC",59253,15.0,32.7757,-115.2637
506,58661,"Sustainable Power Group, LLC",59262,5.0,32.7144,-115.5356
507,59089,Merced Solar LLC,59265,1.5,37.943633,-121.330433
508,59090,Mission Solar LLC,59267,1.5,32.7814,-117.0411
509,59091,Hollister Solar LLC,59268,1.5,38.722141,-123.011188
510,58661,"Sustainable Power Group, LLC",59269,1.5,33.906953,-118.013105
511,58661,"Sustainable Power Group, LLC",59270,1.5,35.0583,-118.3417
512,58661,"Sustainable Power Group, LLC",59271,1.5,35.075,-118.3417
513,58661,"Sustainable Power Group, LLC",59272,1.5,35.0583,-118.3083
514,58661,"Sustainable Power Group, LLC",59273,10.0,40.199822,-123.523145
515,58540,California PV Energy LLC,59283,1.0,32.7149,-117.1689
516,61230,"CD Arevon USA, Inc.",59300,1.5,36.4156,-119.0069
517,61230,"CD Arevon USA, Inc.",59300,1.5,35.440539,-119.012861
518,60865,"CD Global Solar Holdings, LLC",59308,37.8,35.354444,-119.6617
519,60865,"CD Global Solar Holdings, LLC",59309,47.3,35.220833,-119.583056
520,58661,"Sustainable Power Group, LLC",59315,56.0,33.7686,-118.2867
521,58661,"Sustainable Power Group, LLC",59316,56.0,38.1167,-121.8333
522,58661,"Sustainable Power Group, LLC",59317,50.0,33.918395,-116.573906
523,59121,"Pumpjack Solar I, LLC",59322,20.0,39.492,-121.5628
524,63249,Terraform Arcadia,59323,1.5,37.966389,-120.317777
525,58468,Dominion Renewable Energy,59334,18.0,38.3914,-120.0008
526,61230,"CD Arevon USA, Inc.",59339,108.0,38.144636,-120.380497
527,59139,SunEdison LLC,59359,1.5,38.596283,-121.687518
528,59139,SunEdison LLC,59360,1.0,35.576323,-119.006245
529,59158,"Wildwood Solar I, LLC",59380,19.5,35.05,-118.2572
530,59173,City of Tulare Water Pollution Control,59395,1.0,33.942,-116.661
531,59176,Diamond Valley Solar LLC,59405,1.3,39.558897,-121.296117
532,59183,Shafter Solar LLC,59408,20.0,40.0941,-123.508983
533,59185,"CD US Solar PO 3, LLC",59409,1.0,33.898856,-116.57281
534,59185,"CD US Solar PO 3, LLC",59410,1.5,33.893685,-116.567811
535,59185,"CD US Solar PO 3, LLC",59411,1.5,33.887401,-116.578231
536,59050,Algonquin Power Co,59412,20.0,35.0506,-118.1714
537,56769,Consolidated Edison Development Inc.,59413,19.8,35.0506,-118.1714
538,56769,Consolidated Edison Development Inc.,59414,20.0,32.7146,-115.518
539,59187,Anaheim Public Utilities,59416,2.1,32.7881,-115.2481
540,59139,SunEdison LLC,59421,1.5,33.1185,-117.0995
541,59139,SunEdison LLC,59422,1.5,35.0663,-118.339444
542,59139,SunEdison LLC,59423,1.5,35.4837,-119.0298
543,58661,"Sustainable Power Group, LLC",59431,20.0,36.8347,-119.7667
544,59212,"Adelanto Solar II, LLC",59440,7.0,35.1061,-118.3114
545,59211,"Adelanto Solar, LLC",59441,20.0,38.0169,-122.1117
546,58468,Dominion Renewable Energy,59443,20.0,35.074,-118.3153
547,58468,Dominion Renewable Energy,59469,20.0,32.583571,-116.930907
548,57369,"Apple, Inc",59473,14.4,36.7056,-121.7714
549,59257,"Giffen Solar Park, LLC",59522,20.0,33.157,-115.6386
550,59258,"Five Points Solar Park, LLC",59523,60.0,40.846806,-121.956446
551,56769,Consolidated Edison Development Inc.,59524,20.0,40.4731,-122.3206
552,59260,Wright Solar Park LLC,59525,200.0,38.0569,-122.2161
553,59262,"NRG Solar Oasis, LLC",59528,20.0,32.844845,-117.162747
554,59272,"41MB 8me, LLC",59531,50.0,39.053139,-121.695873
555,59273,"62SK 8me, LLC",59532,105.0,35.2956,-119.5919
556,59275,CF SBC Master Tenant One LLC,59536,1.5,36.388,-119.394
557,59275,CF SBC Master Tenant One LLC,59537,1.5,34.2925,-118.389444
558,59284,"Kona Solar, LLC",59539,1.5,35.2097,-119.585
559,59284,"Kona Solar, LLC",59540,1.8,35.953293,-120.859952
560,59284,"Kona Solar, LLC",59541,1.5,35.4292,-119.6864
561,59290,Solvida Energy Group/Blue Oak Energy,59550,2.0,38.030071,-121.873004
562,59298,"Vega Solar, LLC",59555,20.0,33.6157,-114.6865
563,59345,"Colton Solar One, LLC",59597,2.5,38.0169,-121.8439
564,59346,"Colton Solar Two, LLC",59598,1.0,33.916667,-116.55
565,61230,"CD Arevon USA, Inc.",59599,14.0,32.581481,-116.914969
566,61230,"CD Arevon USA, Inc.",59600,20.0,33.946389,-116.663333
567,58468,Dominion Renewable Energy,59607,20.0,37.2207,-121.7457
568,59353,"AP North Lake I, LP",59610,20.0,33.9014,-116.7167
569,59381,EE Kettleman California LLC,59633,20.0,35.280318,-119.470707
570,61230,"CD Arevon USA, Inc.",59638,20.0,38.398867,-121.923973
571,11208,Los Angeles Department of Water & Power,59651,1.6,36.652905,-120.580609
572,11208,Los Angeles Department of Water & Power,59652,1.2,32.562448,-116.943869
573,58468,Dominion Renewable Energy,59657,20.0,32.796491,-116.972071
574,60281,"Altus Power America Management, LLC",59687,1.5,33.121943,-117.117441
575,58468,Dominion Renewable Energy,59703,1.0,34.5953,-117.3647
576,59491,Seville Solar One LLC,59722,20.0,33.1261,-117.1172
577,59492,Seville Solar Two LLC,59723,30.0,32.591667,-117.058611
578,58661,"Sustainable Power Group, LLC",59730,2.0,33.910873,-116.552994
579,58661,"Sustainable Power Group, LLC",59737,9.0,32.567041,-116.944197
580,58661,"Sustainable Power Group, LLC",59738,5.0,33.7803,-118.24
581,58661,"Sustainable Power Group, LLC",59739,3.0,33.494925,-117.614587
582,58661,"Sustainable Power Group, LLC",59740,20.0,32.8817,-117.1958
583,59512,"Team-Solar, Inc.",59746,2.0,34.4383,-119.9397
584,59512,"Team-Solar, Inc.",59748,1.2,38.242158,-121.854722
585,11208,Los Angeles Department of Water & Power,59798,1.3,38.221577,-121.868333
586,59616,"63SU 8me, LLC",59840,155.0,38.226752,-121.843271
587,61230,"CD Arevon USA, Inc.",59868,20.0,34.9556,-118.844
588,61219,Longroad Energy Services LLC,59870,40.0,36.270072,-119.648055
589,59660,"Solar Star California XXXII, LLC",59872,13.0,33.9211,-116.5642
590,61785,EDP Renewables North America LLC,59878,20.0,37.425,-121.9319
591,61943,"North Rosamond Solar, LLC",59879,151.1,38.3017,-122.7489
592,56769,Consolidated Edison Development Inc.,59900,20.0,38.3017,-122.7489
593,56769,Consolidated Edison Development Inc.,59915,20.0,38.5136,-121.1944
594,59139,SunEdison LLC,59916,1.0,36.2397,-119.9044
595,17650,Southern Power Co,59939,205.3,36.999,-121.5363
596,56769,Consolidated Edison Development Inc.,59940,60.0,36.224758,-121.124633
597,56769,Consolidated Edison Development Inc.,59940,20.0,39.1392,-121.6387
598,56769,Consolidated Edison Development Inc.,59940,20.0,41.6014,-121.625
599,56769,Consolidated Edison Development Inc.,59940,102.5,41.5633,-121.5708
600,63249,Terraform Arcadia,59942,1.5,39.109344,-121.60931
601,59711,Bakersfield 111 LLC,59948,1.4,38.0736,-122.1411
602,58661,"Sustainable Power Group, LLC",59961,20.0,38.073889,-122.140833
603,58661,"Sustainable Power Group, LLC",59962,20.0,33.738839,-117.170369
604,58661,"Sustainable Power Group, LLC",59963,20.0,38.228522,-122.07525
605,58661,"Sustainable Power Group, LLC",59964,40.0,36.6535,-120.5783
606,59727,RE Astoria LLC,59976,100.0,36.152715,-120.148245
607,59728,RE Astoria 2 LLC,59977,75.0,38.3017,-122.7489
608,60496,"Adapture Renewables, Inc.",59978,1.5,37.7107,-121.4906
609,59736,Columbia Solar Energy LLC,59979,19.2,34.0606,-117.3533
610,17650,Southern Power Co,60007,15.0,34.0609,-117.3532
611,63249,Terraform Arcadia,60026,3.0,37.725,-121.566666
612,58661,"Sustainable Power Group, LLC",60027,20.0,35.479146,-119.737464
613,59773,"SunE Solar XVI Lessor, LLC",60032,1.0,34.0414,-117.3603
614,61423,"California Flats Solar 130, LLC",60033,130.0,38.014423,-121.790679
615,61230,"CD Arevon USA, Inc.",60034,150.0,38.338475,-121.123978
616,59775,"Solar Star California XXXI, LLC",60035,7.3,33.1533,-115.6384
617,59776,"Frontier Solar, LLC",60039,20.0,33.1669,-115.5114
618,61112,"Cuyama Solar, LLC",60043,40.0,33.1197,-117.117778
619,59791,Lindberg Field Solar I LLC,60060,2.1,33.9172,-116.735
620,59791,Lindberg Field Solar I LLC,60060,0.6,33.925,-116.617778
621,59791,Lindberg Field Solar I LLC,60060,0.5,37.3767,-121.9508
622,56769,Consolidated Edison Development Inc.,60077,15.8,37.8258,-122.2961
623,56769,Consolidated Edison Development Inc.,60078,20.0,33.9986,-118.2219
624,56769,Consolidated Edison Development Inc.,60079,20.0,33.9986,-118.2219
625,56769,Consolidated Edison Development Inc.,60080,15.0,34.1786,-118.3153
626,56769,Consolidated Edison Development Inc.,60081,20.0,33.7684,-118.2141
627,20323,"Wellhead Services, Inc",60083,1.5,38.1381,-121.8053
628,20323,"Wellhead Services, Inc",60083,1.5,37.4878,-120.8956
629,60947,Tesla Inc.,60085,3.7,37.4344,-121.9464
630,60947,Tesla Inc.,60086,3.0,33.9328,-117.855
631,61230,"CD Arevon USA, Inc.",60091,20.0,33.9141,-116.5914
632,59843,"Blythe Solar II, LLC",60092,33.2,34.2253,-119.0858
633,59843,"Blythe Solar II, LLC",60092,33.9,37.9369,-121.3294
634,59843,"Blythe Solar II, LLC",60092,32.0,37.7315,-121.116
635,59843,"Blythe Solar II, LLC",60092,32.1,33.9636,-117.4528
636,59842,"Blythe Solar 110, LLC",60093,38.7,33.9308,-117.2933
637,59842,"Blythe Solar 110, LLC",60093,36.3,40.1501,-122.2124
638,59842,"Blythe Solar 110, LLC",60093,34.8,37.1073,-120.2485
639,59844,"Blythe Solar III, LLC",60094,136.8,37.701956,-121.613708
640,59845,"Blythe Solar IV, LLC",60095,68.7,32.8769,-117.166389
641,59845,"Blythe Solar IV, LLC",60095,68.7,36.6697,-119.7404
642,61012,AES Distributed Energy,60142,1.5,37.763653,-121.614392
643,57104,Golden Springs Development Company LLC,60151,1.3,35.0925,-118.3952
644,57104,Golden Springs Development Company LLC,60153,1.2,35.0772,-118.3811
645,57104,Golden Springs Development Company LLC,60154,1.0,35.040833,-120.636667
646,57104,Golden Springs Development Company LLC,60182,2.0,32.705556,-116.3425
647,57104,Golden Springs Development Company LLC,60183,2.0,38.7928,-121.3811
648,58661,"Sustainable Power Group, LLC",60185,85.0,35.06094,-118.292406
649,58661,"Sustainable Power Group, LLC",60186,50.0,37.785556,-122.383611
650,58661,"Sustainable Power Group, LLC",60187,5.0,37.635833,-122.383888
651,59969,Whitethorn Solar LLC,60193,3.3,34.2506,-116.9025
652,60004,"Strata Roof 1, LLC",60219,1.0,33.8912,-117.6085
653,60413,"Rancho Seco Solar, LLC",60226,10.8,38.12,-121.85
654,60947,Tesla Inc.,60231,4.5,36.9178,-121.8156
655,17650,Southern Power Co,60233,185.1,35.248006,-118.175356
656,58468,Dominion Renewable Energy,60237,30.0,37.805,-121.6672
657,59050,Algonquin Power Co,60242,10.0,37.63466,-122.13381
658,12397,Metropolitan Water District of S CA,60255,2.0,41.435556,-122.376944
659,12397,Metropolitan Water District of S CA,60255,1.0,34.205556,-119.246944
660,60067,Westside Assets LLC,60275,2.0,34.0903,-117.5343
661,60059,ZGlobal Inc,60277,1.5,34.0053,-117.5604
662,58661,"Sustainable Power Group, LLC",60279,20.0,33.8073,-117.9832
663,58661,"Sustainable Power Group, LLC",60280,20.0,33.9296,-118.1046
664,63250,Central Antelope Dry Ranch B LLC,60281,3.0,38.0175,-121.7587
665,60412,"Portal Ridge Solar, LLC",60310,20.0,39.3661,-122.27
666,60412,"Portal Ridge Solar, LLC",60311,11.4,33.238842,-115.504456
667,60025,Greenbacker Renewable Energy Corporation,60315,20.0,35.1161,-118.3789
668,61672,Willow Spring Solar LLC,60324,107.9,32.93695,-117.113669
669,60118,"83WI 8ME, LLC",60336,50.0,37.4833,-120.8675
670,17650,Southern Power Co,60386,20.2,36.654114,-120.579727
671,60191,"RE Barren Ridge 1, LLC",60389,60.0,40.8981,-121.8036
672,58135,Ecos Energy LLC,60412,4.0,33.549444,-117.627777
673,61944,Goldman Sachs Renewable Power Group,60426,4.1,37.106668,-120.248504
674,58540,California PV Energy LLC,60428,2.2,37.1867,-120.4903
675,63249,Terraform Arcadia,60446,1.0,36.7575,-120.3658
676,63249,Terraform Arcadia,60450,1.1,33.9393,-116.5527
677,58661,"Sustainable Power Group, LLC",60474,20.0,36.6514,-120.5833
678,58661,"Sustainable Power Group, LLC",60475,20.0,36.809841,-119.741665
679,58661,"Sustainable Power Group, LLC",60481,20.0,34.040278,-118.148056
680,60271,"Longboat Solar, LLC",60485,20.0,41.021389,-121.675
681,60277,54 KR 8me LLC,60490,20.0,40.988056,-121.768333
682,60278,64KT 8me LLC,60491,90.0,39.986944,-121.283055
683,59462,"Heelstone Energy Holdings, LLC",60509,3.0,33.0139,-115.5439
684,59462,"Heelstone Energy Holdings, LLC",60516,3.0,34.5644,-117.6933
685,60307,NRG Solar Blythe II LLC,60558,20.0,38.1711,-121.8461
686,60352,"Golden Fields Solar I, LLC",60590,54.0,38.44979,-121.16469
687,60353,"Solar Star California, XLI, LLC",60591,54.0,37.5,-122.4
688,60399,"GASNA 6P, LLC",60678,19.8,38.003928,-121.934491
689,60399,"GASNA 6P, LLC",60678,1.5,34.431664,-118.642855
690,61012,AES Distributed Energy,60744,3.0,36.7839,-119.7094
691,61012,AES Distributed Energy,60745,2.0,33.3594,-117.1114
692,61944,Goldman Sachs Renewable Power Group,60777,128.0,32.671099,-115.587265
693,60455,"PVN Milliken, LLC",60790,3.0,33.5917,-114.7444
694,796,Arizona Electric Pwr Coop Inc,60791,2.0,36.549167,-120.111111
695,796,Arizona Electric Pwr Coop Inc,60791,1.4,34.073206,-117.512842
696,60496,"Adapture Renewables, Inc.",60813,1.0,33.985244,-117.700826
697,60947,Tesla Inc.,60824,1.0,32.796106,-116.972073
698,60495,"Sunpin Holdings, LLC",60825,74.8,33.8672,-117.23
699,60947,Tesla Inc.,60844,3.8,38.40008,-121.96366
700,60947,Tesla Inc.,60844,2.3,38.674894,-121.713362
701,60947,Tesla Inc.,60846,1.1,33.567268,-114.917979
702,60518,"California PV Energy 2, LLC",60861,2.7,34.2089,-119.13
703,61944,Goldman Sachs Renewable Power Group,60869,9.5,34.094695,-117.266831
704,60991,"Westmont Solar, LLC",60914,3.0,38.232108,-122.092706
705,60639,AEP Renewables,60947,20.0,33.565329,-114.903629
706,11208,Los Angeles Department of Water & Power,60953,1.0,34.5975,-117.2
707,60619,"Whitney Point Solar, LLC",60975,20.0,33.858056,-117.861667
708,61944,Goldman Sachs Renewable Power Group,60978,1.0,38.4106,-121.9264
709,61944,Goldman Sachs Renewable Power Group,60979,1.9,37.658889,-122.059444
710,60614,"Westside Solar, LLC",60981,20.0,37.723889,-122.4775
711,60618,"Lindberg Field Solar 2, LLC",60984,1.9,35.556111,-115.468611
712,16609,San Diego Gas & Electric Co,60995,4.3,35.533056,-115.4525
713,60648,"SCDA Solar 1, LLC",61006,7.0,35.580833,-115.4825
714,58661,"Sustainable Power Group, LLC",61013,10.5,34.9537,-120.4142
715,61012,AES Distributed Energy,61115,1.0,34.9494,-120.3803
716,61012,AES Distributed Energy,61116,1.0,33.9716,-118.0481
717,61012,AES Distributed Energy,61117,5.3,33.6481,-117.8467
718,61012,AES Distributed Energy,61118,1.0,34.038333,-117.373055
719,60947,Tesla Inc.,61152,5.2,39.0728,-121.3992
720,63447,"Imperial Valley Solar 3, LLC",61202,252.3,32.906569,-115.513747
721,60947,Tesla Inc.,61209,3.5,34.1511,-118.7236
722,58661,"Sustainable Power Group, LLC",61215,3.0,37.4975,-121.985833
723,58661,"Sustainable Power Group, LLC",61216,3.0,38.8242,-122.84
724,60991,"Westmont Solar, LLC",61249,2.9,38.8417,-122.83
725,60950,USPS LA Solar FiT A & B,61250,7.4,38.163581,-121.79661
726,58661,"Sustainable Power Group, LLC",61264,105.0,34.094279,-117.400113
727,58661,"Sustainable Power Group, LLC",61265,20.0,34.071111,-117.520277
728,11208,Los Angeles Department of Water & Power,61319,1.1,34.086276,-117.230571
729,58661,"Sustainable Power Group, LLC",61339,3.0,34.041389,-117.573055
730,60991,"Westmont Solar, LLC",61348,2.3,34.086111,-117.2275
731,60991,"Westmont Solar, LLC",61349,2.2,34.041944,-117.565
732,60986,"Imperial Valley Solar 2, LLC",61353,153.5,34.042778,-117.571666
733,61012,AES Distributed Energy,61377,2.5,34.075,-117.516944
734,60059,ZGlobal Inc,61418,3.0,34.075833,-117.241388
735,61058,"One Ten Partners, LLC",61419,2.0,34.042222,-117.561666
736,60059,ZGlobal Inc,61420,3.0,34.083499,-117.23557
737,60059,ZGlobal Inc,61421,1.5,34.068333,-117.507222
738,17650,Southern Power Co,61445,20.0,34.079167,-117.516666
739,61944,Goldman Sachs Renewable Power Group,61463,25.3,34.085556,-117.233611
740,60991,"Westmont Solar, LLC",61593,1.8,34.072778,-117.503333
741,60991,"Westmont Solar, LLC",61594,2.9,34.083333,-117.516388
742,61210,Stenner Creek Solar LLC,61607,4.5,34.086944,-117.516944
743,61224,"SunE Solano SP Owner, LLC",61619,1.1,34.089167,-117.203333
744,61225,"SunE Corcoran SP Owner, LLC",61620,5.0,34.075278,-117.553611
745,61226,"SunE Wasco SP Owner, LLC",61621,1.5,34.080833,-117.520277
746,61227,Nautilus Solar Solutions,61628,1.1,34.08,-117.2114
747,60059,ZGlobal Inc,61682,1.0,34.131214,-117.425324
748,60059,ZGlobal Inc,61683,1.0,34.131111,-117.421666
749,60059,ZGlobal Inc,61692,3.0,34.094167,-117.274166
750,58970,"Ecoplexus, Inc",61698,1.3,34.48017,-117.257938
751,61348,"PCS Energy, LLC         ",61718,1.5,38.016944,-121.765
752,56769,Consolidated Edison Development Inc.,61750,106.7,35.033725,-118.353422
753,61418,"Stage Gulch Solar, LLC",61791,1.0,35.023889,-118.295278
754,61417,"Lavio Solar, LLC",61792,1.0,35.023889,-118.295278
755,61944,Goldman Sachs Renewable Power Group,61824,3.0,35.008611,-118.242222
756,61453,Soboba Band of Luiseno Indians,61834,1.0,35.008611,-118.242222
757,61453,Soboba Band of Luiseno Indians,61834,1.0,34.7892,-118.5047
758,60584,Onyx Asset Services Group,61843,1.0,33.8942,-116.5603
759,61510,National Raisin,61894,1.0,33.9053,-116.5825
760,61510,National Raisin,61894,1.0,36.797739,-118.083801
761,61510,National Raisin,61894,0.6,34.550833,-117.435277
762,61510,National Raisin,61894,0.3,35.229635,-118.1957
763,61575,Pacific Ethanol Madera,61989,4.3,34.291111,-118.481111
764,61872,Gavilan District College Solar Project,61993,1.4,34.319722,-118.430833
765,61944,Goldman Sachs Renewable Power Group,61995,4.5,33.7331,-118.27722
766,58661,"Sustainable Power Group, LLC",62004,100.0,33.794283,-118.241405
767,61589,RE Mustang Two LLC,62015,50.0,34.1283,-118.206903
768,61589,RE Mustang Two LLC,62015,100.0,34.033056,-118.269722
769,61944,Goldman Sachs Renewable Power Group,62016,4.0,34.0578,-118.229722
770,61944,Goldman Sachs Renewable Power Group,62020,3.4,33.783102,-118.28493
771,61944,Goldman Sachs Renewable Power Group,62028,4.5,34.7306,-118.135
772,61987,Sonoma County Junior College District,62039,1.2,35.017717,-117.339144
773,58871,Citizens Enterprises Corporation,62052,30.0,36.627,-120.879
774,61633,AVS Phase 2 LLC,62056,3.0,35.989722,-120.11
775,60947,Tesla Inc.,62077,1.5,35.983056,-120.110277
776,61674,Greenskies,62114,1.0,35.982778,-120.110277
777,61686,Chaffey Community College District,62150,4.0,32.7792,-114.6344
778,61709,"Desert Harvest, LLC",62177,80.0,34.780278,-118.42444
779,61710,"Maverick Solar, LLC",62178,125.0,33.665,-114.998055
780,61944,Goldman Sachs Renewable Power Group,62242,1.3,38.659722,-121.7294
781,61944,Goldman Sachs Renewable Power Group,62246,2.3,35.323739,-119.91663
782,61944,Goldman Sachs Renewable Power Group,62274,1.5,36.028056,-119.074722
783,61944,Goldman Sachs Renewable Power Group,62275,1.4,33.298889,-116.35083
784,61012,AES Distributed Energy,62286,1.9,33.8816,-116.5527
785,61012,AES Distributed Energy,62287,1.2,34.1358,-118.1267
786,57170,"EDF Renewable Asset Holdings, Inc.",62288,111.2,33.204635,-115.573303
787,61980,Valta Energy,62378,1.6,33.1594,-115.6144
788,61219,Longroad Energy Services LLC,62463,20.0,33.1594,-115.6144
789,61219,Longroad Energy Services LLC,62464,50.0,33.1594,-115.6144
790,61219,Longroad Energy Services LLC,62465,50.0,33.934167,-116.571388
791,60025,Greenbacker Renewable Energy Corporation,62545,1.7,37.789167,-121.601944
792,62067,EnterSolar,62578,2.0,34.9349,-118.4612
793,62028,PFMG Solar Grossmont Helix LLC,62611,1.2,32.663289,-115.658284
794,58661,"Sustainable Power Group, LLC",62649,6.3,32.772225,-115.779311
795,62131,HL Solar LLC,62655,7.6,36.531389,-120.106944
796,62162,"RP Napa Solar 1, LLC",62687,1.0,36.400278,-120.103333
797,62162,"RP Napa Solar 1, LLC",62687,1.0,36.378726,-120.124898
798,62162,"RP Napa Solar 1, LLC",62687,1.0,38.4869,-121.3911
799,62628,County of Santa Clara (CA),62688,3.1,32.752778,-116.044722
800,62628,County of Santa Clara (CA),62689,2.2,34.008709,-117.944864
801,62628,County of Santa Clara (CA),62690,1.7,36.530278,-120.316111
802,62648,"DG 1 Acquisition Co., LLC",62732,1.3,36.425085,-120.343543
803,62701,"Vista Solar, Inc.",62806,2.5,36.181389,-120.030555
804,62772,CA ODEVI LLC,62902,1.5,34.130556,-117.421944
805,61944,Goldman Sachs Renewable Power Group,62987,1.4,34.064722,-117.425833
806,62842,"Lightsource Renewable Energy Asset Management, LLC",62988,13.0,34.086667,-117.565833
807,62856,"Forefront Power, LLC",63021,1.3,34.031667,-117.571944
808,62885,"CalCity Solar 1 , LLC",63054,3.0,34.0325,-117.569166
809,62856,"Forefront Power, LLC",63068,2.2,35.7436,-119.2236
810,62856,"Forefront Power, LLC",63074,2.6,34.855556,-116.866944
811,60059,ZGlobal Inc,63078,3.0,34.855556,-116.866944
812,62988,DG California Solar LLC,63204,2.0,33.839167,-117.220833
813,61944,Goldman Sachs Renewable Power Group,63303,1.2,33.8689,-116.5575
814,62067,EnterSolar,63361,1.0,32.8333,-118.2306
815,62067,EnterSolar,63363,1.0,34.185833,-117.324167
816,63125,Phelan Pinon Hills Community Services District,63376,1.2,35.743889,-119.229444
817,61944,Goldman Sachs Renewable Power Group,63385,3.5,32.573889,-116.917777
818,61620,IOS II LLC,63414,4.0,37.4194,-122.0153
819,17164,Sierra Pacific Industries Inc,63416,8.4,37.750894,-122.481758
820,62856,"Forefront Power, LLC",63418,2.3,36.6842,-119.5522
821,62856,"Forefront Power, LLC",63419,2.0,35.155278,-118.369444
822,62856,"Forefront Power, LLC",63420,1.2,37.9978,-122.0697
823,62856,"Forefront Power, LLC",63421,1.2,37.8583,-120.8917
824,62856,"Forefront Power, LLC",63422,1.6,38.6183,-121.0564
825,63198,RE-VFO LLC,63455,0.5,32.8747,-117.2392
826,63198,RE-VFO LLC,63455,0.5,34.1414,-119.1831
827,63226,CalCom Energy,63486,1.7,38.169444,-121.846944
828,57353,Plumas Sierra Rural Electric Coop,63493,2.5,37.6167,-121.3564
829,60947,Tesla Inc.,63510,1.8,35.0775,-118.218333
830,63226,CalCom Energy,63514,1.4,37.714167,-121.521666
831,61944,Goldman Sachs Renewable Power Group,63516,1.9,35.3,-118.851944
832,61944,Goldman Sachs Renewable Power Group,63527,1.9,35.102778,-118.954444
833,61944,Goldman Sachs Renewable Power Group,63545,30.0,35.411817,-118.96864
834,61944,Goldman Sachs Renewable Power Group,63623,1.7,33.826389,-117.511667
835,62715,Westbound Solar LLC,63630,1.1,38.364722,-121.41278
836,63344,"SunE P11L Holdings, LLC",63651,4.0,38.253056,-121.278888
837,63393,VS Dedeaux LLC,63674,0.9,38.237778,-121.3375
838,63452,Ralph's Grocery Company,63758,1.2,36.9408,-120.1572
839,63675,Soscol Ferry Solar,63761,1.0,33.881667,-118.0175
840,63675,Soscol Ferry Solar,63761,1.0,35.405556,-120.068611
841,63545,"Golden Field Solar III, LLC",63859,192.0,37.825833,-122.296111
842,56476,Ameresco,63928,1.5,38.613508,-121.162879
843,63602,"Titan Solar 1, LLC",63932,70.0,38.6086,-121.1703
844,60584,Onyx Asset Services Group,63986,0.9,37.790833,-121.718055
845,63648,Family Tree Farms,63993,1.0,38.116667,-121.821944
846,63649,Mike Woolf Farming,63994,1.0,33.811182,-118.175645
847,63689,"Wonderful Renewable Energy, LLC.",64055,5.0,34.938261,-118.334492
848,63731,Desert Harvest II LLC,64103,70.0,37.4383,-122.1094
849,63732,"Maverick Solar 4, LLC",64104,100.0,33.143847,-117.236908
850,63689,"Wonderful Renewable Energy, LLC.",64221,5.0,33.909722,-116.5625
851,60025,Greenbacker Renewable Energy Corporation,64264,3.0,38.137488,-121.855342
852,60025,Greenbacker Renewable Energy Corporation,64267,3.0,33.058611,-117.119444
853,63248,Palmetto Power Management LLC,64308,3.0,34.292645,-118.389774
854,63992,"Tranquillity Solar 1, LLC",64376,1.3,32.877222,-117.234722
855,63432,SkyHigh 2 Solar,64391,1.6,33.924167,-116.593333
856,64034,"Los Palos Street Operating, LLC",64418,5.5,38.338868,-121.431342
857,58970,"Ecoplexus, Inc",64517,2.4,34.891389,-118.4325
858,58970,"Ecoplexus, Inc",64518,1.0,35.68771,-117.68137
859,58970,"Ecoplexus, Inc",64519,6.0,32.543333,-117.067778
860,58970,"Ecoplexus, Inc",64521,6.0,39.674,-121.73
861,58970,"Ecoplexus, Inc",64523,1.1,33.661667,-114.651667
862,61944,Goldman Sachs Renewable Power Group,64579,3.0,35.054167,-118.354722
863,62067,EnterSolar,64600,3.0,38.468611,-121.181944
864,62854,"Solar Star California LXXVIII, LLC",64601,1.7,38.365053,-121.381101
865,64229,"SEPV Sierra, LLC",64611,2.3,38.466111,-121.177778
866,59213,Maas Energy Works,64687,1.0,38.365053,-121.381101
867,60950,USPS LA Solar FiT A & B,64836,1.0,38.461944,-121.180278
868,60950,USPS LA Solar FiT A & B,64837,1.0,38.365053,-121.381101
